"Постоянная группа,Группа,Кол-во студентов,""Доля в постоянной группе, %"""
АМБ-2025-11,АМБ-111,1,3.3
АМБ-2025-11,АМБ-211,29,96.7
АМБ-2025-12,АМБ-112,3,15.8
АМБ-2025-12,АМБ-212,16,84.2
ВВП-2023-11,ВВП-311,1,5.3
ВВП-2023-11,ВВП-411,18,94.7
ВВП-2024-11,ВВП-211,1,4.5
ВВП-2024-11,ВВП-311,21,95.5
ВВП-2025-11,ВВП-111,2,6.7
ВВП-2025-11,ВВП-211,28,93.3
ВГТ-2025-11,ВГТ-111,1,3.6
ВГТ-2025-11,ВГТ-211,27,96.4
ВЖД-2022-51,СТП-451,1,12.5
ВЖД-2022-51,СТП-551,7,87.5
ВПЛ-2022-51,ВПЛ-151,1,12.5
ВПЛ-2022-51,ТПЛ-451,5,62.5
ВПЛ-2022-51,ТПЛ-551,2,25.0
ВСВ-2022-41,ВСВ-441,1,3.4
ВСВ-2022-41,ВСВ-541,28,96.6
ВСВ-2023-41,ВСВ-341,1,5.6
ВСВ-2023-41,ВСВ-441,17,94.4
ВСВ-2023-42,ВСВ-342,1,5.0
ВСВ-2023-42,ВСВ-442,19,95.0
ВСВ-2025-41,ВСВ-141,4,12.1
ВСВ-2025-41,ВСВ-241,29,87.9
ВСМ-2024-41,ВСМ-141,1,4.8
ВСМ-2024-41,ВСМ-241,1,4.8
ВСМ-2024-41,ВСМ-341,19,90.5
ВСМ-2025-41,ВСМ-141,3,13.0
ВСМ-2025-41,ВСМ-241,20,87.0
ВУТ-2025-11,ВУТ-111,1,3.4
ВУТ-2025-11,ВУТ-211,28,96.6
ВЭО-2022-41,ВЭО-441,2,9.1
ВЭО-2022-41,ВЭО-541,20,90.9
ВЭО-2025-41,ВЭО-141,1,3.8
ВЭО-2025-41,ВЭО-241,25,96.2
ДДС-2025-41,ДДС-141,1,4.3
ДДС-2025-41,ДДС-241,22,95.7
ОМКк-2023-11,ОМКк-311,1,3.0
ОМКк-2023-11,ОМКк-411,32,97.0
ОМКк-2024-11,ОМКк-211,1,3.0
ОМКк-2024-11,ОМКк-311,32,97.0
ОМКк-2024-12,ОМКк-212,1,7.7
ОМКк-2024-12,ОМКк-312,12,92.3
ОМКк-2025-11,ОМКк-111,1,3.6
ОМКк-2025-11,ОМКк-211,27,96.4
ОММ-2023-21,ОММ-321,1,5.3
ОММ-2023-21,ОММ-421,18,94.7
ОММ-2024-21,ОММ-221,2,11.1
ОММ-2024-21,ОММ-321,16,88.9
ОММ-2025-21,ОММ-121,1,12.5
ОММ-2025-21,ОММ-221,7,87.5
ОММу-2025-21,ОММу-121,4,21.1
ОММу-2025-21,ОММу-221,15,78.9
ОМН-2023-11,ОМН-111,1,3.2
ОМН-2023-11,ОМН-411,30,96.8
ОМНк-2024-11,ОМНк-211,2,6.7
ОМНк-2024-11,ОМНк-311,28,93.3
ОМО-2023-11,ОМО-311,2,5.6
ОМО-2023-11,ОМО-411,34,94.4
ОМО-2024-11,ОМО-211,1,2.9
ОМО-2024-11,ОМО-311,33,97.1
ОМО-2025-11,ОМО-111,2,9.1
ОМО-2025-11,ОМО-211,20,90.9
САП-2025-11,САП-111,1,3.7
САП-2025-11,САП-211,26,96.3
СГС-2023-12,СГС-312,3,10.7
СГС-2023-12,СГС-412,25,89.3
СГС-2024-12,СГС-112,1,4.3
СГС-2024-12,СГС-312,22,95.7
СГС-2024-13,СГС-213,2,9.5
СГС-2024-13,СГС-313,19,90.5
СГС-2025-11,СГС-111,1,2.9
СГС-2025-11,СГС-211,34,97.1
СГТ-2024-41,СГТ-141,1,4.5
СГТ-2024-41,СГТ-341,21,95.5
СЖД-2022-43,СЖД-343,1,5.6
СЖД-2022-43,СЖД-543,17,94.4
СЖД-2023-41,СЖД-341,3,11.1
СЖД-2023-41,СЖД-441,24,88.9
СЖД-2023-42,СЖД-342,1,4.3
СЖД-2023-42,СЖД-442,22,95.7
СЖД-2023-43,СЖД-343,1,5.0
СЖД-2023-43,СЖД-443,19,95.0
СЖД-2024-43,СЖД-243,1,4.3
СЖД-2024-43,СЖД-343,22,95.7
СЖД-2025-41,СЖД-141,1,3.2
СЖД-2025-41,СЖД-241,30,96.8
СКУ-2024-21,СКУ-221,1,3.6
СКУ-2024-21,СКУ-321,27,96.4
СКУ-2025-21,СКУ-121,1,3.2
СКУ-2025-21,СКУ-221,30,96.8
СММ-2025-41,СММ-141,2,6.1
СММ-2025-41,СММ-241,31,93.9
СММ-2025-42,СММ-142,3,9.7
СММ-2025-42,СММ-242,28,90.3
СРП-2025-11,СРП-111,2,6.2
СРП-2025-11,СРП-211,30,93.8
СТП-2022-42,СТП-342,1,5.3
СТП-2022-42,СТП-542,18,94.7
СТП-2023-41,СТП-341,2,9.1
СТП-2023-41,СТП-441,20,90.9
СТП-2023-42,СТП-342,1,4.2
СТП-2023-42,СТП-442,23,95.8
СТП-2023-43,СТП-343,1,3.7
СТП-2023-43,СТП-443,26,96.3
СТП-2024-41,СТП-141,1,4.3
СТП-2024-41,СТП-341,22,95.7
СТП-2024-43,СТП-243,2,11.1
СТП-2024-43,СТП-343,16,88.9
СТП-2025-41,СТП-141,1,4.5
СТП-2025-41,СТП-241,21,95.5
СТП-2025-42,СТП-142,3,12.0
СТП-2025-42,СТП-242,22,88.0
СТП-2025-43,СТП-143,1,5.0
СТП-2025-43,СТП-243,19,95.0
ТБЖ-2024-11,ТБЖ-211,1,3.6
ТБЖ-2024-11,ТБЖ-311,27,96.4
ТИУ-2024-11,ТИУ-211,13,46.4
ТИУ-2024-11,ТИУ-311,15,53.6
ТИУ-2025-11,ТИУ-111,2,25.0
ТИУ-2025-11,ТИУ-211,6,75.0
ТКИ-2023-41,ТКИ-341,1,2.9
ТКИ-2023-41,ТКИ-441,33,97.1
ТКИ-2024-41,ТКИ-241,33,52.4
ТКИ-2024-41,ТКИ-341,30,47.6
ТКИ-2024-42,ТКИ-242,31,50.8
ТКИ-2024-42,ТКИ-342,30,49.2
ТКИ-2025-42,ТКИ-142,2,50.0
ТКИ-2025-42,ТКИ-242,2,50.0
ТМР-2023-11,ТМР-311,1,6.2
ТМР-2023-11,ТМР-411,15,93.8
ТМР-2024-11,ТМР-211,1,4.0
ТМР-2024-11,ТМР-311,24,96.0
ТМС-2024-11,ТМС-211,1,5.3
ТМС-2024-11,ТМС-311,18,94.7
ТМС-2025-11,ТМС-111,2,7.4
ТМС-2025-11,ТМС-211,25,92.6
ТМХ-2024-11,ТМХ-211,1,5.6
ТМХ-2024-11,ТМХ-311,17,94.4
ТНД-2022-41,ТНД-441,1,10.0
ТНД-2022-41,ТНД-541,9,90.0
ТНД-2023-41,ТНД-341,1,5.6
ТНД-2023-41,ТНД-441,17,94.4
ТПВг-2022-41,ТПВг-441,1,6.2
ТПВг-2022-41,ТПВг-541,15,93.8
ТПВг-2023-41,ТПВг-341,1,3.8
ТПВг-2023-41,ТПВг-441,25,96.2
ТПВг-2024-41,ТПВг-241,7,29.2
ТПВг-2024-41,ТПВг-341,17,70.8
ТПВп-2025-41,ТПВп-141,2,7.7
ТПВп-2025-41,ТПВп-241,24,92.3
ТПЛ-2022-41,ТПЛ-441,1,3.4
ТПЛ-2022-41,ТПЛ-541,28,96.6
ТПЛ-2023-41,ТПЛ-341,2,9.1
ТПЛ-2023-41,ТПЛ-441,20,90.9
ТПЛ-2024-41,ТПЛ-241,1,4.5
ТПЛ-2024-41,ТПЛ-341,21,95.5
ТПЛ-2025-41,ТПЛ-141,4,11.8
ТПЛ-2025-41,ТПЛ-241,30,88.2
ТПР-2024-41,ТПР-241,2,11.8
ТПР-2024-41,ТПР-341,15,88.2
ТПР-2025-41,ТПР-141,4,16.0
ТПР-2025-41,ТПР-241,21,84.0
ТПСу-2021-51,ТПСу-551,1,7.1
ТПСу-2021-51,ТПСу-651,13,92.9
ТПСу-2023-51,ТПСу-351,1,4.0
ТПСу-2023-51,ТПСу-451,24,96.0
ТПСу-2025-51,ТПСу-151,6,20.0
ТПСу-2025-51,ТПСу-251,24,80.0
ТПСу-2025-52,ТПСу-152,4,80.0
ТПСу-2025-52,ТПСу-252,1,20.0
ТПТ-2022-41,ТПТ-441,1,11.1
ТПТ-2022-41,ТПТ-541,8,88.9
ТПТ-2023-41,ТПТ-341,17,45.9
ТПТ-2023-41,ТПТ-441,20,54.1
ТПТ-2024-41,ТПТ-241,28,96.6
ТПТ-2024-41,ТПТ-341,1,3.4
ТПЭ-2023-41,ТПЭ-341,32,65.3
ТПЭ-2023-41,ТПЭ-441,17,34.7
ТПЭ-2024-41,ТПЭ-241,27,96.4
ТПЭ-2024-41,ТПЭ-341,1,3.6
ТСА-2022-41,ТСА-441,1,5.3
ТСА-2022-41,ТСА-541,18,94.7
ТСА-2022-42,ТСА-442,1,5.6
ТСА-2022-42,ТСА-542,17,94.4
ТСА-2023-42,ТСА-342,1,3.7
ТСА-2023-42,ТСА-442,26,96.3
ТСА-2024-41,ТСА-241,21,55.3
ТСА-2024-41,ТСА-341,17,44.7
ТСА-2024-42,ТСА-242,31,53.4
ТСА-2024-42,ТСА-342,27,46.6
ТСА-2025-41,ТСА-141,7,70.0
ТСА-2025-41,ТСА-241,3,30.0
ТСА-2025-42,ТСА-142,2,66.7
ТСА-2025-42,ТСА-242,1,33.3
ТСТ-2023-41,ТСТ-341,1,5.6
ТСТ-2023-41,ТСТ-441,17,94.4
ТСТ-2023-42,ТСТ-242,1,5.6
ТСТ-2023-42,ТСТ-342,3,16.7
ТСТ-2023-42,ТСТ-442,14,77.8
ТСТ-2024-41,ТСТ-241,26,63.4
ТСТ-2024-41,ТСТ-341,15,36.6
ТСТ-2024-42,ТСТ-242,22,56.4
ТСТ-2024-42,ТСТ-342,17,43.6
ТСТ-2025-41,ТСТ-141,5,83.3
ТСТ-2025-41,ТСТ-241,1,16.7
ТСТ-2025-42,ТСТ-142,7,87.5
ТСТ-2025-42,ТСТ-242,1,12.5
ТСЭ-2023-41,ТСЭ-341,2,5.9
ТСЭ-2023-41,ТСЭ-441,32,94.1
ТСЭ-2024-41,ТСЭ-241,3,15.0
ТСЭ-2024-41,ТСЭ-341,17,85.0
ТСЭ-2025-42,ТСЭ-142,3,8.6
ТСЭ-2025-42,ТСЭ-242,32,91.4
ТТП-2023-12,ТТП-312,2,9.5
ТТП-2023-12,ТТП-412,19,90.5
ТТП-2024-11,ТТП-211,2,10.0
ТТП-2024-11,ТТП-311,18,90.0
ТТП-2024-12,ТТП-212,6,24.0
ТТП-2024-12,ТТП-312,19,76.0
ТТП-2025-11,ТТП-111,2,6.9
ТТП-2025-11,ТТП-211,27,93.1
ТТП-2025-12,ТТП-112,1,4.8
ТТП-2025-12,ТТП-212,20,95.2
ТУУ-2023-11,ТУУ-211,1,6.2
ТУУ-2023-11,ТУУ-311,1,6.2
ТУУ-2023-11,ТУУ-411,14,87.5
ТУУ-2024-11,ТУУ-211,2,33.3
ТУУ-2024-11,ТУУ-311,4,66.7
ТЭЛу-2025-21,ТЭЛу-121,5,21.7
ТЭЛу-2025-21,ТЭЛу-221,18,78.3
ТЭЛу-2025-22,ТЭЛу-122,5,20.8
ТЭЛу-2025-22,ТЭЛу-222,19,79.2
УВВ-2023-11,УВВ-311,2,11.8
УВВ-2023-11,УВВ-411,15,88.2
УВВ-2025-11,УВВ-111,1,3.3
УВВ-2025-11,УВВ-211,29,96.7
УВП-2023-11,УВП-311,2,7.1
УВП-2023-11,УВП-411,26,92.9
УВП-2023-12,УВП-212,1,3.7
УВП-2023-12,УВП-412,26,96.3
УЗС-2025-11,УЗС-111,6,24.0
УЗС-2025-11,УЗС-211,19,76.0
УЗТ-2025-11,УЗТ-111,4,16.0
УЗТ-2025-11,УЗТ-211,21,84.0
УИБ-2022-11,УИБ-311,2,66.7
УИБ-2022-11,УИБ-411,1,33.3
УИБ-2023-11,УИБ-311,1,3.6
УИБ-2023-11,УИБ-411,27,96.4
УИБ-2024-12,УИБ-212,1,6.2
УИБ-2024-12,УИБ-312,15,93.8
УИБ-2025-11,УИБ-111,2,8.0
УИБ-2025-11,УИБ-211,23,92.0
УИК-2025-11,УИК-111,2,9.5
УИК-2025-11,УИК-211,19,90.5
УИС-2024-11,УИС-211,2,6.5
УИС-2024-11,УИС-311,29,93.5
УИТ-2024-11,УИТ-211,1,3.2
УИТ-2024-11,УИТ-311,30,96.8
УИТ-2025-11,УИТ-111,1,3.3
УИТ-2025-11,УИТ-211,29,96.7
УМБ-2025-11,УМБ-111,1,4.5
УМБ-2025-11,УМБ-211,21,95.5
УМЛ-2024-11,УМЛ-211,1,4.3
УМЛ-2024-11,УМЛ-311,22,95.7
УМН-2023-11,УМН-311,1,2.9
УМН-2023-11,УМН-411,33,97.1
УТА-2025-11,УТА-111,1,3.6
УТА-2025-11,УТА-211,27,96.4
УТИ-2023-11,УИТ-311,1,4.8
УТИ-2023-11,УИТ-411,20,95.2
УТН-2023-11,УТН-311,2,8.0
УТН-2023-11,УТН-411,23,92.0
УТН-2025-11,УТН-111,1,3.2
УТН-2025-11,УТН-211,30,96.8
УТЦ-2023-11,УТЦ-211,1,2.9
УТЦ-2023-11,УТЦ-411,34,97.1
УТЦ-2023-12,УТЦ-312,1,3.1
УТЦ-2023-12,УТЦ-412,31,96.9
УТЦ-2025-11,УТЦ-111,1,3.2
УТЦ-2025-11,УТЦ-211,30,96.8
УТЦ-2025-12,УТЦ-112,2,6.9
УТЦ-2025-12,УТЦ-212,27,93.1
УЭБ-2022-41,УЭБ-441,1,4.3
УЭБ-2022-41,УЭБ-541,22,95.7
УЭБ-2024-41,УЭБ-241,2,7.1
УЭБ-2024-41,УЭБ-341,26,92.9
УЭБ-2025-41,УЭБ-141,5,15.6
УЭБ-2025-41,УЭБ-241,27,84.4
УЭГ-2025-41,УЭГ-141,3,12.0
УЭГ-2025-41,УЭГ-241,22,88.0
УЭЛ-2023-43,УЭЛ-343,1,4.0
УЭЛ-2023-43,УЭЛ-443,24,96.0
УЭЛ-2025-41,УЭЛ-141,2,6.5
УЭЛ-2025-41,УЭЛ-241,29,93.5
УЭЛ-2025-42,УЭЛ-142,4,11.8
УЭЛ-2025-42,УЭЛ-242,30,88.2
УЭМ-2022-42,УЭМ-442,1,3.6
УЭМ-2022-42,УЭМ-542,27,96.4
УЭМ-2022-44,УЭМ-444,1,3.7
УЭМ-2022-44,УЭМ-544,26,96.3
УЭМ-2023-42,УЭМ-342,1,3.8
УЭМ-2023-42,УЭМ-442,25,96.2
УЭМ-2023-44,УЭМ-344,2,7.4
УЭМ-2023-44,УЭМ-444,25,92.6
УЭМ-2024-44,УЭМ-244,3,10.3
УЭМ-2024-44,УЭМ-344,26,89.7
УЭМ-2025-42,УЭМ-142,2,6.5
УЭМ-2025-42,УЭМ-242,29,93.5
УЭМ-2025-43,УЭМ-143,1,3.4
УЭМ-2025-43,УЭМ-243,28,96.6
УЭП-2025-41,УЭП-141,1,3.6
УЭП-2025-41,УЭП-241,27,96.4
УЭЦ-2024-41,УЭЦ-241,2,10.5
УЭЦ-2024-41,УЭЦ-341,17,89.5
УЭЦ-2025-41,УЭЦ-141,2,6.2
УЭЦ-2025-41,УЭЦ-241,30,93.8
ШАДк-2025-11,ШАДк-111,1,6.2
ШАДк-2025-11,ШАДк-211,15,93.8
ШМС-2023-12,ШМС-312,1,5.6
ШМС-2023-12,ШМС-412,17,94.4
ШМС-2024-11,ШМС-111,1,3.1
ШМС-2024-11,ШМС-211,1,3.1
ШМС-2024-11,ШМС-311,30,93.8
ШМС-2025-11,ШМС-111,1,3.2
ШМС-2025-11,ШМС-211,30,96.8
ШМС-2025-12,ШМС-112,3,8.3
ШМС-2025-12,ШМС-212,33,91.7
ШТД-2023-11,ШТД-211,1,4.5
ШТД-2023-11,ШТД-411,21,95.5
ШТД-2025-11,ШТД-111,1,2.9
ШТД-2025-11,ШТД-211,33,97.1
ШТС-2025-11,ШТС-111,1,2.9
ШТС-2025-11,ШТС-211,34,97.1
ШЦТ-2023-11,ШЦТ-311,1,4.3
ШЦТ-2023-11,ШЦТ-411,22,95.7
ШЭТ-2025-11-1,ШЭТ-111,1,2.7
ШЭТ-2025-11-1,ШЭТ-211,36,97.3
ЭБР-2023-12,ЭБР-312,1,3.8
ЭБР-2023-12,ЭБР-412,25,96.2
ЭБР-2024-11,ЭБР-211,2,5.7
ЭБР-2024-11,ЭБР-311,33,94.3
ЭБР-2025-12,ЭБР-112,2,7.7
ЭБР-2025-12,ЭБР-212,24,92.3
ЭБЦ-2023-11,ЭБЦ-311,2,9.5
ЭБЦ-2023-11,ЭБЦ-411,19,90.5
ЭГП-2023-11,ЭГП-311,1,4.3
ЭГП-2023-11,ЭГП-411,22,95.7
ЭГП-2025-11,ЭГП-111,1,4.8
ЭГП-2025-11,ЭГП-211,20,95.2
ЭГС-2023-11,ЭГС-211,1,3.0
ЭГС-2023-11,ЭГС-411,32,97.0
ЭГС-2024-11,ЭГС-211,1,3.6
ЭГС-2024-11,ЭГС-311,27,96.4
ЭГУ-2024-11,ЭГУ-211,1,6.7
ЭГУ-2024-11,ЭГУ-311,14,93.3
ЭЛМ-2024-11,ЭЛМ-111,1,4.5
ЭЛМ-2024-11,ЭЛМ-311,21,95.5
ЭЛМ-2025-11,ЭЛМ-111,1,5.6
ЭЛМ-2025-11,ЭЛМ-211,17,94.4
ЭПИ-2023-12,ЭПИ-312,1,3.1
ЭПИ-2023-12,ЭПИ-412,31,96.9
ЭПИ-2024-12,ЭПИ-212,2,6.9
ЭПИ-2024-12,ЭПИ-312,27,93.1
ЭПИ-2025-11,ЭПИ-111,1,3.1
ЭПИ-2025-11,ЭПИ-211,31,96.9
ЭПИ-2025-12,ЭПИ-112,2,6.7
ЭПИ-2025-12,ЭПИ-212,28,93.3
ЭУЦ-2024-11,ЭУЦ-211,1,3.2
ЭУЦ-2024-11,ЭУЦ-311,30,96.8
ЭУЦ-2025-11,ЭУЦ-111,1,4.5
ЭУЦ-2025-11,ЭУЦ-211,21,95.5
ЭЭЛ-2024-11,ЭЭЛ-211,1,5.0
ЭЭЛ-2024-11,ЭЭЛ-311,19,95.0
ЭЭС-2023-11,ЭЭС-311,1,5.9
ЭЭС-2023-11,ЭЭС-411,16,94.1
ЭЭС-2025-11,ЭЭС-111,4,13.8
ЭЭС-2025-11,ЭЭС-211,25,86.2
ЭЭУ-2023-11,ЭЭУ-311,1,3.4
ЭЭУ-2023-11,ЭЭУ-411,28,96.6
ЭЭУ-2025-11,ЭЭУ-111,1,3.7
ЭЭУ-2025-11,ЭЭУ-211,26,96.3
ЮПБ-2025-41,ЮПБ-141,1,3.8
ЮПБ-2025-41,ЮПБ-241,25,96.2
ЮПБ-2025-42,ЮПБ-142,2,8.7
ЮПБ-2025-42,ЮПБ-242,21,91.3
ЮСИ-2023-41,ЮСИ-341,2,6.7
ЮСИ-2023-41,ЮСИ-441,28,93.3
ЮТЛ-2021-51,ЮТЛ-551,1,16.7
ЮТЛ-2021-51,ЮТЛ-651,5,83.3
ЮТМ-2024-42,ЮТМ-242,1,3.8
ЮТМ-2024-42,ЮТМ-342,25,96.2
ЮТТ-2024-41,ЮТТ-241,2,11.8
ЮТТ-2024-41,ЮТТ-341,15,88.2
ЮЮГ-2023-13,ЮЮГ-313,1,3.8
ЮЮГ-2023-13,ЮЮГ-413,25,96.2
ЮЮГ-2024-13,ЮЮГ-213,1,7.7
ЮЮГ-2024-13,ЮЮГ-313,12,92.3
ЮЮГ-2024-21,ЮЮГ-221,1,6.7
ЮЮГ-2024-21,ЮЮГ-321,14,93.3
ЮЮГ-2025-21,ЮЮГ-121,3,15.8
ЮЮГ-2025-21,ЮЮГ-221,16,84.2
ЮЮГу-2024-21,ЮЮГу-221,1,11.1
ЮЮГу-2024-21,ЮЮГу-321,8,88.9
ЮЮГу-2025-11,ЮЮГу-111,2,16.7
ЮЮГу-2025-11,ЮЮГу-211,10,83.3
ЮЮУ-2025-11,ЮЮУ-111,1,7.7
ЮЮУ-2025-11,ЮЮУ-211,12,92.3
ЮЮЦ-2025-21,ЮЮЦ-121,1,8.3
ЮЮЦ-2025-21,ЮЮЦ-221,11,91.7
