Постоянная группа,Группа,Кол-во студентов,"Доля в постоянной группе, %"
АМБ-2024-11,АМБ-311,35,100.0
АМБ-2024-12,АМБ-212,1,100.0
АМБ-2025-11,АМБ-111,1,3.3
АМБ-2025-11,АМБ-211,29,96.7
АМБ-2025-12,АМБ-112,3,15.8
АМБ-2025-12,АМБ-212,16,84.2
АМБ-2026-11,АМБ-111,32,100.0
АМБ-2026-12,АМБ-112,32,100.0
АЭБ-2026-11,АЭБ-111,47,100.0
ВВП-2023-11,ВВП-311,1,5.3
ВВП-2023-11,ВВП-411,18,94.7
ВВП-2024-11,ВВП-211,1,4.5
ВВП-2024-11,ВВП-311,21,95.5
ВВП-2025-11,ВВП-111,2,6.7
ВВП-2025-11,ВВП-211,28,93.3
ВГТ-2023-11,ВГТ-411,13,100.0
ВГТ-2024-11,ВГТ-311,12,100.0
ВГТ-2025-11,ВГТ-111,1,3.6
ВГТ-2025-11,ВГТ-211,27,96.4
ВГТ-2026-11,ВГТ-111,38,100.0
ВЖД-2021-51,СТП-651,10,100.0
ВЖД-2022-51,СТП-451,1,12.5
ВЖД-2022-51,СТП-551,7,87.5
ВПЛ-2021-51,ТПЛ-651,4,100.0
ВПЛ-2022-51,ВПЛ-151,1,12.5
ВПЛ-2022-51,ТПЛ-451,5,62.5
ВПЛ-2022-51,ТПЛ-551,2,25.0
ВСВ-2022-41,ВСВ-441,1,3.4
ВСВ-2022-41,ВСВ-541,28,96.6
ВСВ-2023-41,ВСВ-341,1,5.6
ВСВ-2023-41,ВСВ-441,17,94.4
ВСВ-2023-42,ВСВ-342,1,5.0
ВСВ-2023-42,ВСВ-442,19,95.0
ВСВ-2024-41,ВСВ-341,25,100.0
ВСВ-2025-41,ВСВ-141,4,12.1
ВСВ-2025-41,ВСВ-241,29,87.9
ВСВ-2026-41,ВСВ-141,30,100.0
ВСМ-2022-41,ВСМ-541,9,100.0
ВСМ-2023-41,ВСМ-441,15,100.0
ВСМ-2024-41,ВСМ-141,1,4.8
ВСМ-2024-41,ВСМ-241,1,4.8
ВСМ-2024-41,ВСМ-341,19,90.5
ВСМ-2025-41,ВСМ-141,3,13.0
ВСМ-2025-41,ВСМ-241,20,87.0
ВСМ-2026-41,ВСМ-141,30,100.0
ВСС-2022-41,ВСС-541,17,100.0
ВУП-2022-21,ТУП-521,14,100.0
ВУП-2026-11,ВУП-111,34,100.0
ВУТ-2022-11,ВУТ-411,2,100.0
ВУТ-2023-11,ВУТ-411,25,100.0
ВУТ-2024-11,ВУТ-311,32,100.0
ВУТ-2025-11,ВУТ-111,1,3.4
ВУТ-2025-11,ВУТ-211,28,96.6
ВУТ-2026-11,ВУТ-111,33,100.0
ВУЦ-2020-21,ВУЦ-521,1,100.0
ВЭО-2022-41,ВЭО-441,2,9.1
ВЭО-2022-41,ВЭО-541,20,90.9
ВЭО-2023-41,ВЭО-441,13,100.0
ВЭО-2024-41,ВЭО-341,18,100.0
ВЭО-2025-41,ВЭО-141,1,3.8
ВЭО-2025-41,ВЭО-241,25,96.2
ВЭО-2026-41,ВЭО-141,29,100.0
ДДА-2023-11,ДДА-411,19,100.0
ДДА-2024-11,ДДА-311,32,100.0
ДДА-2025-11,ДДА-211,28,100.0
ДДА-2026-11,ДДА-111,34,100.0
ДДА-2026-12,ДДА-112,35,100.0
ДДС-2023-41,ДДС-441,30,100.0
ДДС-2024-41,ДДС-341,23,100.0
ДДС-2025-41,ДДС-141,1,4.3
ДДС-2025-41,ДДС-241,22,95.7
ДДС-2026-41,ДДС-141,35,100.0
ЛМБ-2023-11,АМБ-411,11,100.0
ОМКк-2023-11,ОМКк-311,1,3.0
ОМКк-2023-11,ОМКк-411,32,97.0
ОМКк-2023-12,ОМКк-412,18,100.0
ОМКк-2024-11,ОМКк-211,1,3.0
ОМКк-2024-11,ОМКк-311,32,97.0
ОМКк-2024-12,ОМКк-212,1,7.7
ОМКк-2024-12,ОМКк-312,12,92.3
ОМКк-2025-11,ОМКк-111,1,3.6
ОМКк-2025-11,ОМКк-211,27,96.4
ОМКк-2026-11,ОМКк-111,32,100.0
ОММ-2021-21,ОММ-521,1,100.0
ОММ-2022-21,ОММ-521,22,100.0
ОММ-2023-21,ОММ-321,1,5.3
ОММ-2023-21,ОММ-421,18,94.7
ОММ-2024-21,ОММ-221,2,11.1
ОММ-2024-21,ОММ-321,16,88.9
ОММ-2025-11,ОММ-211,21,100.0
ОММ-2025-21,ОММ-121,1,12.5
ОММ-2025-21,ОММ-221,7,87.5
ОММ-2026-11,ОММ-111,32,100.0
ОММ-2026-21,ОММ-121,27,100.0
ОММу-2023-21,ОММу-421,23,100.0
ОММу-2024-21,ОММу-321,10,100.0
ОММу-2025-21,ОММу-121,4,21.1
ОММу-2025-21,ОММу-221,15,78.9
ОМН-2022-11,ОМН-311,1,100.0
ОМН-2023-11,ОМН-111,1,3.2
ОМН-2023-11,ОМН-411,30,96.8
ОМНк-2024-11,ОМНк-211,2,6.7
ОМНк-2024-11,ОМНк-311,28,93.3
ОМНк-2025-11-1,ОМНк-211,32,100.0
ОМНк-2025-12-1,ОМНк-212,30,100.0
ОМНк-2026-11,ОМНк-111,66,100.0
ОМО-2022-11,ОМО-411,1,100.0
ОМО-2023-11,ОМО-311,2,5.6
ОМО-2023-11,ОМО-411,34,94.4
ОМО-2024-11,ОМО-211,1,2.9
ОМО-2024-11,ОМО-311,33,97.1
ОМО-2024-12,ОМО-312,3,100.0
ОМО-2025-11,ОМО-111,2,9.1
ОМО-2025-11,ОМО-211,20,90.9
ОМО-2025-12,ОМО-212,21,100.0
ОМО-2026-11,ОМО-111,30,100.0
ППС-2024-41,ППС-541,17,100.0
ППС-2025-42,ППС-542,15,100.0
ППС-2026-41,ППС-141,37,100.0
ПРС-2024-41,ПРС-541,14,100.0
ПРС-2025-42,ПРС-542,21,100.0
ПРС-2025-43,ПРС-543,24,100.0
ПСЭ-2024-41,ПСЭ-541,14,100.0
ПСЭ-2025-42,ПСЭ-542,18,100.0
ПСЭ-2026-41,ПСЭ-141,31,100.0
САП-2023-11,САП-411,27,100.0
САП-2024-11,САП-311,26,100.0
САП-2025-11,САП-111,1,3.7
САП-2025-11,САП-211,26,96.3
САП-2026-11,САП-111,31,100.0
СГС-2022-21,СГС-521,9,100.0
СГС-2023-11,СГС-411,27,100.0
СГС-2023-12,СГС-312,3,10.7
СГС-2023-12,СГС-412,25,89.3
СГС-2024-11,СГС-311,27,100.0
СГС-2024-12,СГС-112,1,4.3
СГС-2024-12,СГС-312,22,95.7
СГС-2024-13,СГС-213,2,9.5
СГС-2024-13,СГС-313,19,90.5
СГС-2025-11,СГС-111,1,2.9
СГС-2025-11,СГС-211,34,97.1
СГС-2025-12,СГС-212,33,100.0
СГС-2026-11,СГС-111,35,100.0
СГС-2026-11-1,СГС-111,17,100.0
СГС-2026-12,СГС-112,34,100.0
СГС-2026-13,СГС-113,35,100.0
СГСк-2023-14,СГСк-414,1,100.0
СГСк-2024-14,СГСк-414,14,100.0
СГСк-2025-14,СГСк-314,1,100.0
СГТ-2023-41,СГТ-441,25,100.0
СГТ-2024-41,СГТ-141,1,4.5
СГТ-2024-41,СГТ-341,21,95.5
СГТ-2025-41,СГТ-241,30,100.0
СГТ-2026-41,СГТ-141,33,100.0
СЖД-2021-41,СЖД-541,1,100.0
СЖД-2022-41,СЖД-541,18,100.0
СЖД-2022-42,СЖД-542,19,100.0
СЖД-2022-43,СЖД-343,1,5.6
СЖД-2022-43,СЖД-543,17,94.4
СЖД-2023-41,СЖД-341,3,11.1
СЖД-2023-41,СЖД-441,24,88.9
СЖД-2023-42,СЖД-342,1,4.3
СЖД-2023-42,СЖД-442,22,95.7
СЖД-2023-43,СЖД-343,1,5.0
СЖД-2023-43,СЖД-443,19,95.0
СЖД-2024-41,СЖД-341,25,100.0
СЖД-2024-42,СЖД-342,23,100.0
СЖД-2024-43,СЖД-243,1,4.3
СЖД-2024-43,СЖД-343,22,95.7
СЖД-2025-41,СЖД-141,1,3.2
СЖД-2025-41,СЖД-241,30,96.8
СЖД-2025-42,СЖД-242,29,100.0
СЖД-2025-43,СЖД-243,25,100.0
СЖД-2026-41,СЖД-141,34,100.0
СЖД-2026-42,СЖД-142,35,100.0
СЖД-2026-43,СЖД-143,36,100.0
СЗК-2022-11,СЗК-311,1,100.0
СЗК-2025-11,СЗК-211,28,100.0
СЗК-2026-11,СЗК-111,33,100.0
СКУ-2022-21,СКУ-521,21,100.0
СКУ-2023-21,СКУ-421,23,100.0
СКУ-2024-21,СКУ-221,1,3.6
СКУ-2024-21,СКУ-321,27,96.4
СКУ-2025-21,СКУ-121,1,3.2
СКУ-2025-21,СКУ-221,30,96.8
СКУ-2026-21,СКУ-121,33,100.0
СММ-2021-42,СММ-542,1,100.0
СММ-2022-41,СММ-541,24,100.0
СММ-2022-42,СММ-542,21,100.0
СММ-2022-43,СММ-543,21,100.0
СММ-2022-51,СММ-551,9,100.0
СММ-2023-41,СММ-441,17,100.0
СММ-2023-42,СММ-442,18,100.0
СММ-2023-43,СММ-443,17,100.0
СММ-2024-41,СММ-341,26,100.0
СММ-2024-42,СММ-342,19,100.0
СММ-2024-43,СММ-343,22,100.0
СММ-2025-41,СММ-141,2,6.1
СММ-2025-41,СММ-241,31,93.9
СММ-2025-42,СММ-142,3,9.7
СММ-2025-42,СММ-242,28,90.3
СММ-2025-43,СММ-243,28,100.0
СММ-2026-41,СММ-141,36,100.0
СММ-2026-42,СММ-142,36,100.0
СММ-2026-43,СММ-143,34,100.0
СМТ-2021-41,СМТ-541,1,100.0
СМТ-2021-52,СМТ-652,9,100.0
СМТ-2022-41,СМТ-541,19,100.0
СМТ-2023-41,СМТ-441,9,100.0
СМТ-2024-41,СМТ-341,15,100.0
СМТ-2025-41,СМТ-241,28,100.0
СМТ-2026-41,СМТ-141,36,100.0
СПС-2023-41,СПС-441,14,100.0
СПС-2026-41,СПС-141,35,100.0
СРП-2023-11,СРП-411,8,100.0
СРП-2025-11,СРП-111,2,6.2
СРП-2025-11,СРП-211,30,93.8
СТП-2021-43,СТП-543,1,100.0
СТП-2022-41,СТП-541,18,100.0
СТП-2022-42,СТП-342,1,5.3
СТП-2022-42,СТП-542,18,94.7
СТП-2022-43,СТП-543,20,100.0
СТП-2022-44,СТП-544,21,100.0
СТП-2023-41,СТП-341,2,9.1
СТП-2023-41,СТП-441,20,90.9
СТП-2023-42,СТП-342,1,4.2
СТП-2023-42,СТП-442,23,95.8
СТП-2023-43,СТП-343,1,3.7
СТП-2023-43,СТП-443,26,96.3
СТП-2023-44,СТП-444,17,100.0
СТП-2024-41,СТП-141,1,4.3
СТП-2024-41,СТП-341,22,95.7
СТП-2024-42,СТП-342,21,100.0
СТП-2024-43,СТП-243,2,11.1
СТП-2024-43,СТП-343,16,88.9
СТП-2024-44,СТП-344,22,100.0
СТП-2025-41,СТП-141,1,4.5
СТП-2025-41,СТП-241,21,95.5
СТП-2025-42,СТП-142,3,12.0
СТП-2025-42,СТП-242,22,88.0
СТП-2025-43,СТП-143,1,5.0
СТП-2025-43,СТП-243,19,95.0
СТП-2025-44,СТП-244,15,100.0
СТП-2026-41,СТП-141,37,100.0
СТП-2026-42,СТП-142,37,100.0
СТП-2026-43,СТП-143,37,100.0
ТБЖ-2023-11,ТБЖ-411,17,100.0
ТБЖ-2024-11,ТБЖ-211,1,3.6
ТБЖ-2024-11,ТБЖ-311,27,96.4
ТБЖ-2025-11,ТБЖ-211,26,100.0
ТИУ-2021-11,ТИУ-411,1,100.0
ТИУ-2024-11,ТИУ-211,13,46.4
ТИУ-2024-11,ТИУ-311,15,53.6
ТИУ-2025-11,ТИУ-111,2,25.0
ТИУ-2025-11,ТИУ-211,6,75.0
ТКИ-2020-42,ТКИ-642,17,100.0
ТКИ-2021-41,ТКИ-641,20,100.0
ТКИ-2022-41,ТКИ-541,21,100.0
ТКИ-2023-41,ТКИ-341,1,2.9
ТКИ-2023-41,ТКИ-441,33,97.1
ТКИ-2024-41,ТКИ-241,33,52.4
ТКИ-2024-41,ТКИ-341,30,47.6
ТКИ-2024-42,ТКИ-242,31,50.8
ТКИ-2024-42,ТКИ-342,30,49.2
ТКИ-2025-41,ТКИ-141,2,100.0
ТКИ-2025-42,ТКИ-142,2,50.0
ТКИ-2025-42,ТКИ-242,2,50.0
ТКСк-2025-11,ТКСк-411,33,100.0
ТМР-2022-11,ТМР-411,1,100.0
ТМР-2023-11,ТМР-311,1,6.2
ТМР-2023-11,ТМР-411,15,93.8
ТМР-2024-11,ТМР-211,1,4.0
ТМР-2024-11,ТМР-311,24,96.0
ТМР-2025-11,ТМР-211,30,100.0
ТМР-2025-12,ТМР-212,28,100.0
ТМС-2023-11,ТМС-411,13,100.0
ТМС-2024-11,ТМС-211,1,5.3
ТМС-2024-11,ТМС-311,18,94.7
ТМС-2025-11,ТМС-111,2,7.4
ТМС-2025-11,ТМС-211,25,92.6
ТМХ-2024-11,ТМХ-211,1,5.6
ТМХ-2024-11,ТМХ-311,17,94.4
ТНД-2022-41,ТНД-441,1,10.0
ТНД-2022-41,ТНД-541,9,90.0
ТНД-2023-41,ТНД-341,1,5.6
ТНД-2023-41,ТНД-441,17,94.4
ТНД-2024-41,ТНД-341,34,100.0
ТНД-2025-41,ТНД-241,26,100.0
ТПВ-2024-51,ТПВ-351,7,100.0
ТПВг-2022-41,ТПВг-441,1,6.2
ТПВг-2022-41,ТПВг-541,15,93.8
ТПВг-2023-41,ТПВг-341,1,3.8
ТПВг-2023-41,ТПВг-441,25,96.2
ТПВг-2024-41,ТПВг-241,7,29.2
ТПВг-2024-41,ТПВг-341,17,70.8
ТПВг-2025-41,ТПВг-241,15,100.0
ТПВп-2021-41,ТПВп-541,3,100.0
ТПВп-2022-41,ТПВп-541,11,100.0
ТПВп-2023-41,ТПВп-441,16,100.0
ТПВп-2024-41,ТПВп-341,18,100.0
ТПВп-2025-41,ТПВп-141,2,7.7
ТПВп-2025-41,ТПВп-241,24,92.3
ТПЛ-2022-41,ТПЛ-441,1,3.4
ТПЛ-2022-41,ТПЛ-541,28,96.6
ТПЛ-2023-41,ТПЛ-341,2,9.1
ТПЛ-2023-41,ТПЛ-441,20,90.9
ТПЛ-2024-41,ТПЛ-241,1,4.5
ТПЛ-2024-41,ТПЛ-341,21,95.5
ТПЛ-2025-41,ТПЛ-141,4,11.8
ТПЛ-2025-41,ТПЛ-241,30,88.2
ТПР-2022-41,ТПР-541,9,100.0
ТПР-2023-41,ТПР-441,7,100.0
ТПР-2024-41,ТПР-241,2,11.8
ТПР-2024-41,ТПР-341,15,88.2
ТПР-2025-41,ТПР-141,4,16.0
ТПР-2025-41,ТПР-241,21,84.0
ТПСу-2021-51,ТПСу-551,1,7.1
ТПСу-2021-51,ТПСу-651,13,92.9
ТПСу-2022-51,ТПСу-551,20,100.0
ТПСу-2023-51,ТПСу-351,1,4.0
ТПСу-2023-51,ТПСу-451,24,96.0
ТПСу-2024-51,ТПСу-351,34,100.0
ТПСу-2025-51,ТПСу-151,6,20.0
ТПСу-2025-51,ТПСу-251,24,80.0
ТПСу-2025-52,ТПСу-152,4,80.0
ТПСу-2025-52,ТПСу-252,1,20.0
ТПТ-2022-41,ТПТ-441,1,11.1
ТПТ-2022-41,ТПТ-541,8,88.9
ТПТ-2023-41,ТПТ-341,17,45.9
ТПТ-2023-41,ТПТ-441,20,54.1
ТПТ-2024-41,ТПТ-241,28,96.6
ТПТ-2024-41,ТПТ-341,1,3.4
ТПТ-2025-41,ТПТ-141,1,100.0
ТПЭ-2022-41,ТПЭ-541,17,100.0
ТПЭ-2022-42,ТПЭ-342,1,100.0
ТПЭ-2023-41,ТПЭ-341,32,65.3
ТПЭ-2023-41,ТПЭ-441,17,34.7
ТПЭ-2024-41,ТПЭ-241,27,96.4
ТПЭ-2024-41,ТПЭ-341,1,3.6
ТПЭ-2025-41,ТПЭ-141,2,100.0
ТСА-2020-41,ТСА-541,1,100.0
ТСА-2022-41,ТСА-441,1,5.3
ТСА-2022-41,ТСА-541,18,94.7
ТСА-2022-42,ТСА-442,1,5.6
ТСА-2022-42,ТСА-542,17,94.4
ТСА-2023-41,ТСА-441,26,100.0
ТСА-2023-42,ТСА-342,1,3.7
ТСА-2023-42,ТСА-442,26,96.3
ТСА-2024-41,ТСА-241,21,55.3
ТСА-2024-41,ТСА-341,17,44.7
ТСА-2024-42,ТСА-242,31,53.4
ТСА-2024-42,ТСА-342,27,46.6
ТСА-2024-43,ТСА-143,1,100.0
ТСА-2025-41,ТСА-141,7,70.0
ТСА-2025-41,ТСА-241,3,30.0
ТСА-2025-42,ТСА-142,2,66.7
ТСА-2025-42,ТСА-242,1,33.3
ТСО-2022-51,ТСО-551,6,100.0
ТСТ-2021-41,ТСТ-541,1,100.0
ТСТ-2022-41,ТСТ-541,25,100.0
ТСТ-2023-41,ТСТ-341,1,5.6
ТСТ-2023-41,ТСТ-441,17,94.4
ТСТ-2023-42,ТСТ-242,1,5.6
ТСТ-2023-42,ТСТ-342,3,16.7
ТСТ-2023-42,ТСТ-442,14,77.8
ТСТ-2024-41,ТСТ-241,26,63.4
ТСТ-2024-41,ТСТ-341,15,36.6
ТСТ-2024-42,ТСТ-242,22,56.4
ТСТ-2024-42,ТСТ-342,17,43.6
ТСТ-2025-41,ТСТ-141,5,83.3
ТСТ-2025-41,ТСТ-241,1,16.7
ТСТ-2025-42,ТСТ-142,7,87.5
ТСТ-2025-42,ТСТ-242,1,12.5
ТСЭ-2021-41,ТСЭ-541,1,100.0
ТСЭ-2022-41,ТСЭ-541,26,100.0
ТСЭ-2022-42,ТСЭ-542,26,100.0
ТСЭ-2023-41,ТСЭ-341,2,5.9
ТСЭ-2023-41,ТСЭ-441,32,94.1
ТСЭ-2024-41,ТСЭ-241,3,15.0
ТСЭ-2024-41,ТСЭ-341,17,85.0
ТСЭ-2024-42,ТСЭ-342,22,100.0
ТСЭ-2025-41,ТСЭ-241,31,100.0
ТСЭ-2025-42,ТСЭ-142,3,8.6
ТСЭ-2025-42,ТСЭ-242,32,91.4
ТТП-2022-11,ТТП-411,1,100.0
ТТП-2023-11,ТТП-411,20,100.0
ТТП-2023-12,ТТП-312,2,9.5
ТТП-2023-12,ТТП-412,19,90.5
ТТП-2024-11,ТТП-211,2,10.0
ТТП-2024-11,ТТП-311,18,90.0
ТТП-2024-12,ТТП-212,6,24.0
ТТП-2024-12,ТТП-312,19,76.0
ТТП-2025-11,ТТП-111,2,6.9
ТТП-2025-11,ТТП-211,27,93.1
ТТП-2025-12,ТТП-112,1,4.8
ТТП-2025-12,ТТП-212,20,95.2
ТУП-2023-11,ТУП-411,17,100.0
ТУП-2024-11,ТУП-311,33,100.0
ТУП-2025-11,ТУП-211,26,100.0
ТУСу-2024-1,ТУСу-412,27,100.0
ТУУ-2023-11,ТУУ-211,1,6.2
ТУУ-2023-11,ТУУ-311,1,6.2
ТУУ-2023-11,ТУУ-411,14,87.5
ТУУ-2024-11,ТУУ-211,2,33.3
ТУУ-2024-11,ТУУ-311,4,66.7
ТУУ-2026-11,ТУУ-111,31,100.0
ТУУк-2025-11,ТУУк-311,42,100.0
ТУЭд-2025-12,ТУЭд-412,4,100.0
ТУЭд-2025-13,ТУЭд-413,42,100.0
ТУЭк-2025-11,ТУЭк-411,24,100.0
ТУЭк-2025-21,ТУЭк-311,50,100.0
ТЭИ-2024-11,ТЭИ-211,2,100.0
ТЭИу-2025-11,ТЭИу-311,9,100.0
ТЭЛ-2025-22,ТЭЛ-122,1,100.0
ТЭЛу-2022-21,ТЭЛу-421,1,100.0
ТЭЛу-2023-21,ТЭЛу-421,23,100.0
ТЭЛу-2023-22,ТЭЛу-322,1,100.0
ТЭЛу-2023-23,ТЭЛу-423,18,100.0
ТЭЛу-2024-21,ТЭЛу-321,31,100.0
ТЭЛу-2024-22,ТЭЛу-322,4,100.0
ТЭЛу-2025-21,ТЭЛу-121,5,21.7
ТЭЛу-2025-21,ТЭЛу-221,18,78.3
ТЭЛу-2025-22,ТЭЛу-122,5,20.8
ТЭЛу-2025-22,ТЭЛу-222,19,79.2
ТЭТ-2022-21,ТЭТ-521,17,100.0
УВВ-2022-11,УВВ-411,1,100.0
УВВ-2023-11,УВВ-311,2,11.8
УВВ-2023-11,УВВ-411,15,88.2
УВВ-2024-11,УВВ-311,35,100.0
УВВ-2025-11,УВВ-111,1,3.3
УВВ-2025-11,УВВ-211,29,96.7
УВП-2022-11,УВП-411,1,100.0
УВП-2022-12,УВП-412,1,100.0
УВП-2023-11,УВП-311,2,7.1
УВП-2023-11,УВП-411,26,92.9
УВП-2023-12,УВП-212,1,3.7
УВП-2023-12,УВП-412,26,96.3
УВП-2024-11,УВП-311,30,100.0
УВП-2024-12,УВП-312,32,100.0
УВП-2025-11,УВП-211,35,100.0
УВП-2025-12,УВП-212,31,100.0
УЗС-2023-11,УЗС-411,25,100.0
УЗС-2024-11,УЗС-311,25,100.0
УЗС-2025-11,УЗС-111,6,24.0
УЗС-2025-11,УЗС-211,19,76.0
УЗТ-2025-11,УЗТ-111,4,16.0
УЗТ-2025-11,УЗТ-211,21,84.0
УИБ-2022-11,УИБ-311,2,66.7
УИБ-2022-11,УИБ-411,1,33.3
УИБ-2023-11,УИБ-311,1,3.6
УИБ-2023-11,УИБ-411,27,96.4
УИБ-2024-11,УИБ-311,19,100.0
УИБ-2024-12,УИБ-212,1,6.2
УИБ-2024-12,УИБ-312,15,93.8
УИБ-2025-11,УИБ-111,2,8.0
УИБ-2025-11,УИБ-211,23,92.0
УИК-2025-11,УИК-111,2,9.5
УИК-2025-11,УИК-211,19,90.5
УИС-2022-11,УИС-411,1,100.0
УИС-2023-11,УИС-411,29,100.0
УИС-2024-11,УИС-211,2,6.5
УИС-2024-11,УИС-311,29,93.5
УИС-2025-11,УИС-211,32,100.0
УИТ-2024-11,УИТ-211,1,3.2
УИТ-2024-11,УИТ-311,30,96.8
УИТ-2025-11,УИТ-111,1,3.3
УИТ-2025-11,УИТ-211,29,96.7
УМБ-2025-11,УМБ-111,1,4.5
УМБ-2025-11,УМБ-211,21,95.5
УМБ-2025-12,УМБ-212,20,100.0
УМЛ-2021-13,УМЛ-413,1,100.0
УМЛ-2023-11,УМЛ-411,22,100.0
УМЛ-2023-12,УМЛ-412,17,100.0
УМЛ-2024-11,УМЛ-211,1,4.3
УМЛ-2024-11,УМЛ-311,22,95.7
УМЛ-2024-12,УМЛ-312,20,100.0
УМЛ-2025-11,УМЛ-211,22,100.0
УМЛв-2022-21,УМЛв-521,15,100.0
УМН-2022-11,УМН-411,2,100.0
УМН-2023-11,УМН-311,1,2.9
УМН-2023-11,УМН-411,33,97.1
УМН-2024-11,УМН-311,22,100.0
УПМ-2022-11,УПМ-411,2,100.0
УПМ-2022-12,УПМ-412,2,100.0
УПМ-2023-11,УПМ-411,23,100.0
УПМ-2023-12,УПМ-412,22,100.0
УПМ-2024-11,УПМ-311,23,100.0
УПМ-2025-11,УПМ-211,30,100.0
УТА-2023-11,УТА-411,24,100.0
УТА-2024-11,УТА-311,30,100.0
УТА-2025-11,УТА-111,1,3.6
УТА-2025-11,УТА-211,27,96.4
УТИ-2023-11,УИТ-311,1,4.8
УТИ-2023-11,УИТ-411,20,95.2
УТЛк-2023-11,УМНд-411,4,100.0
УТЛк-2024-11,УМНд-411,38,100.0
УТЛк-2025-11,УМНд-311,40,100.0
УТМ-2025-11,УТМ-211,27,100.0
УТН-2023-11,УТН-311,2,8.0
УТН-2023-11,УТН-411,23,92.0
УТН-2024-11,УТН-311,23,100.0
УТН-2024-112,УТН-312,20,100.0
УТН-2025-11,УТН-111,1,3.2
УТН-2025-11,УТН-211,30,96.8
УТОу-2023-21,УТОу-421,5,100.0
УТЦ-2022-11,УТЦ-411,2,100.0
УТЦ-2023-11,УТЦ-211,1,2.9
УТЦ-2023-11,УТЦ-411,34,97.1
УТЦ-2023-12,УТЦ-312,1,3.1
УТЦ-2023-12,УТЦ-412,31,96.9
УТЦ-2024-11,УТЦ-311,25,100.0
УТЦ-2024-12,УТЦ-312,28,100.0
УТЦ-2025-11,УТЦ-111,1,3.2
УТЦ-2025-11,УТЦ-211,30,96.8
УТЦ-2025-12,УТЦ-112,2,6.9
УТЦ-2025-12,УТЦ-212,27,93.1
УЭБ-2021-41,УЭБ-541,3,100.0
УЭБ-2022-41,УЭБ-441,1,4.3
УЭБ-2022-41,УЭБ-541,22,95.7
УЭБ-2023-41,УЭБ-441,27,100.0
УЭБ-2024-41,УЭБ-241,2,7.1
УЭБ-2024-41,УЭБ-341,26,92.9
УЭБ-2025-41,УЭБ-141,5,15.6
УЭБ-2025-41,УЭБ-241,27,84.4
УЭГ-2021-41,УЭГ-541,3,100.0
УЭГ-2022-41,УЭГ-541,19,100.0
УЭГ-2023-41,УЭГ-441,20,100.0
УЭГ-2024-41,УЭГ-341,20,100.0
УЭГ-2025-41,УЭГ-141,3,12.0
УЭГ-2025-41,УЭГ-241,22,88.0
УЭИ-2022-41,УЭИ-541,24,100.0
УЭИ-2023-41,УЭИ-441,18,100.0
УЭИ-2024-41,УЭИ-341,30,100.0
УЭИ-2025-41,УЭИ-241,28,100.0
УЭЛ-2021-41,УЭЛ-541,1,100.0
УЭЛ-2021-42,УЭЛ-542,2,100.0
УЭЛ-2022-41,УЭЛ-541,32,100.0
УЭЛ-2022-42,УЭЛ-542,31,100.0
УЭЛ-2023-41,УЭЛ-441,26,100.0
УЭЛ-2023-42,УЭЛ-442,26,100.0
УЭЛ-2023-43,УЭЛ-343,1,4.0
УЭЛ-2023-43,УЭЛ-443,24,96.0
УЭЛ-2024-41,УЭЛ-341,35,100.0
УЭЛ-2024-42,УЭЛ-342,36,100.0
УЭЛ-2025-41,УЭЛ-141,2,6.5
УЭЛ-2025-41,УЭЛ-241,29,93.5
УЭЛ-2025-42,УЭЛ-142,4,11.8
УЭЛ-2025-42,УЭЛ-242,30,88.2
УЭМ-2021-41,УЭМ-541,1,100.0
УЭМ-2021-42,УЭМ-542,3,100.0
УЭМ-2021-43,УЭМ-543,4,100.0
УЭМ-2022-41,УЭМ-541,28,100.0
УЭМ-2022-42,УЭМ-442,1,3.6
УЭМ-2022-42,УЭМ-542,27,96.4
УЭМ-2022-43,УЭМ-543,30,100.0
УЭМ-2022-44,УЭМ-444,1,3.7
УЭМ-2022-44,УЭМ-544,26,96.3
УЭМ-2023-41,УЭМ-441,26,100.0
УЭМ-2023-42,УЭМ-342,1,3.8
УЭМ-2023-42,УЭМ-442,25,96.2
УЭМ-2023-43,УЭМ-443,25,100.0
УЭМ-2023-44,УЭМ-344,2,7.4
УЭМ-2023-44,УЭМ-444,25,92.6
УЭМ-2024-41,УЭМ-341,24,100.0
УЭМ-2024-42,УЭМ-342,23,100.0
УЭМ-2024-43,УЭМ-343,26,100.0
УЭМ-2024-44,УЭМ-244,3,10.3
УЭМ-2024-44,УЭМ-344,26,89.7
УЭМ-2025-41,УЭМ-241,30,100.0
УЭМ-2025-42,УЭМ-142,2,6.5
УЭМ-2025-42,УЭМ-242,29,93.5
УЭМ-2025-43,УЭМ-143,1,3.4
УЭМ-2025-43,УЭМ-243,28,96.6
УЭМв-2021-51,УЭМв-651,14,100.0
УЭМв-2022-51,УЭМв-551,16,100.0
УЭП-2024-41-1,УЭП-341,14,100.0
УЭП-2025-41,УЭП-141,1,3.6
УЭП-2025-41,УЭП-241,27,96.4
УЭЦ-2021-41,УЭЦ-541,1,100.0
УЭЦ-2022-41,УЭЦ-541,22,100.0
УЭЦ-2023-41,УЭЦ-441,23,100.0
УЭЦ-2024-41,УЭЦ-241,2,10.5
УЭЦ-2024-41,УЭЦ-341,17,89.5
УЭЦ-2025-41,УЭЦ-141,2,6.2
УЭЦ-2025-41,УЭЦ-241,30,93.8
ЦБЖ-2026-11,ЦБЖ-111,31,100.0
ЦБТ-2026-11,ЦБТ-111,33,100.0
ЦВВ-2026-11,ЦВВ-111,33,100.0
ЦВГ-2026-41,ЦВГ-141,35,100.0
ЦВП-2026-41,ЦВП-141,35,100.0
ЦВП-2026-51,ЦВП-151,13,100.0
ЦДА-2026-41,ЦДА-141,33,100.0
ЦДД-2026-11,ЦДД-111,33,100.0
ЦДД-2026-41,ЦДД-141,36,100.0
ЦДД-2026-42,ЦДД-142,35,100.0
ЦДД-2026-43,ЦДД-143,36,100.0
ЦДЛ-2026-41,ЦДЛ-141,40,100.0
ЦДЛ-2026-42,ЦДЛ-142,40,100.0
ЦДМ-2026-41,ЦДМ-141,37,100.0
ЦИБ-2026-11,ЦИБ-111,33,100.0
ЦИБ-2026-41,ЦИБ-141,34,100.0
ЦИЗ-2026-41,ЦИЗ-141,41,100.0
ЦИИ-2026-11,ЦИИ-111,34,100.0
ЦИР-2026-11,ЦИР-111,35,100.0
ЦИС-2026-11,ЦИС-111,38,100.0
ЦКБ-2026-41,ЦКБ-141,31,100.0
ЦКБ-2026-42,ЦКБ-142,31,100.0
ЦКИ-2026-11,ЦКИ-111,35,100.0
ЦКИ-2026-12,ЦКИ-112,34,100.0
ЦКК-2026-11,ЦКК-111,34,100.0
ЦЛУ-2026-41,ЦЛУ-141,35,100.0
ЦМБ-2026-11,ЦМБ-111,32,100.0
ЦМЛ-2026-11,ЦМЛ-111,31,100.0
ЦОД-2026-11,ЦОД-111,33,100.0
ЦОМ-2026-11,ЦОМ-111,34,100.0
ЦОМ-2026-12,ЦОМ-112,33,100.0
ЦПД-2026-41,ЦПД-141,35,100.0
ЦПМ-2026-11,ЦПМ-111,31,100.0
ЦРС-2026-11,ЦРС-111,36,100.0
ЦРС-2026-12,ЦРС-112,35,100.0
ЦСС-2026-41,ЦСС-141,35,100.0
ЦСС-2026-42,ЦСС-142,35,100.0
ЦТВ-2026-11,ЦТВ-111,34,100.0
ЦТВ-2026-12,ЦТВ-112,34,100.0
ЦТЛ-2026-41,ЦТЛ-141,36,100.0
ЦТР-2026-41,ЦТР-141,35,100.0
ЦТР-2026-51,ЦТР-151,39,100.0
ЦТЭ-2026-41,ЦТЭ-141,33,100.0
ЦЦТ-2026-11,ЦЦТ-111,32,100.0
ЦЦТ-2026-12,ЦЦТ-112,32,100.0
ЦША-2026-41,ЦША-141,35,100.0
ЦША-2026-42,ЦША-142,34,100.0
ЦЭЛ-2026-21,ЦЭЛ-121,35,100.0
ЦЭЛ-2026-41,ЦЭЛ-141,35,100.0
ЦЭЛ-2026-42,ЦЭЛ-142,35,100.0
ЦЭЦ-2026-41,ЦЭЦ-141,34,100.0
ШАД-2023-11,ШАД-411,24,100.0
ШАД-2024-11,ШАД-311,32,100.0
ШАД-2025-11,ШАД-211,34,100.0
ШАД-2026-11,ШАД-111,34,100.0
ШАДк-2025-11,ШАДк-111,1,6.2
ШАДк-2025-11,ШАДк-211,15,93.8
ШАДк-2026-11,ШАДк-111,35,100.0
ШМС-2023-11,ШМС-411,20,100.0
ШМС-2023-12,ШМС-312,1,5.6
ШМС-2023-12,ШМС-412,17,94.4
ШМС-2024-11,ШМС-111,1,3.1
ШМС-2024-11,ШМС-211,1,3.1
ШМС-2024-11,ШМС-311,30,93.8
ШМС-2024-12,ШМС-312,30,100.0
ШМС-2025-11,ШМС-111,1,3.2
ШМС-2025-11,ШМС-211,30,96.8
ШМС-2025-12,ШМС-112,3,8.3
ШМС-2025-12,ШМС-212,33,91.7
ШМС-2026-11,ШМС-111,38,100.0
ШМС-2026-12,ШМС-112,31,100.0
ШТД-2022-11,ШТД-411,2,100.0
ШТД-2023-11,ШТД-211,1,4.5
ШТД-2023-11,ШТД-411,21,95.5
ШТД-2024-11,ШТД-311,28,100.0
ШТД-2025-11,ШТД-111,1,2.9
ШТД-2025-11,ШТД-211,33,97.1
ШТД-2026-11,ШТД-111,33,100.0
ШТС-2022-11,ШТС-411,2,100.0
ШТС-2023-11,ШТС-411,21,100.0
ШТС-2024-11,ШТС-311,29,100.0
ШТС-2025-11,ШТС-111,1,2.9
ШТС-2025-11,ШТС-211,34,97.1
ШТС-2026-11,ШТС-111,35,100.0
ШЦТ-2023-11,ШЦТ-311,1,4.3
ШЦТ-2023-11,ШЦТ-411,22,95.7
ШЦТ-2024-11,ШЦТ-311,28,100.0
ШЦТ-2025-11,ШЦТ-211,31,100.0
ШЦТ-2026-11,ШЦТ-111,32,100.0
ШЭТ-2023-11,ШЭТ-411,14,100.0
ШЭТ-2024-11,ШЭТ-311,11,100.0
ШЭТ-2025-11-1,ШЭТ-111,1,2.7
ШЭТ-2025-11-1,ШЭТ-211,36,97.3
ЭБП-2023-11,ЭБП-411,14,100.0
ЭБП-2024-11,ЭБП-311,7,100.0
ЭБП-2025-11,ЭБП-211,20,100.0
ЭБР-2022-12,ЭБР-412,1,100.0
ЭБР-2023-11,ЭБР-411,23,100.0
ЭБР-2023-12,ЭБР-312,1,3.8
ЭБР-2023-12,ЭБР-412,25,96.2
ЭБР-2024-11,ЭБР-211,2,5.7
ЭБР-2024-11,ЭБР-311,33,94.3
ЭБР-2025-11,ЭБР-211,27,100.0
ЭБР-2025-12,ЭБР-112,2,7.7
ЭБР-2025-12,ЭБР-212,24,92.3
ЭБР-2026-11,ЭБР-111,20,100.0
ЭБР-2026-12,ЭБР-112,25,100.0
ЭБТ-2026-11,ЭБТ-111,32,100.0
ЭБТ-2026-12,ЭБТ-112,34,100.0
ЭБЦ-2022-11,ЭБЦ-411,1,100.0
ЭБЦ-2023-11,ЭБЦ-311,2,9.5
ЭБЦ-2023-11,ЭБЦ-411,19,90.5
ЭБЦ-2024-11,ЭБЦ-311,28,100.0
ЭБЦ-2025-11,ЭБЦ-211,26,100.0
ЭБЦ-2026-11,ЭБЦ-111,29,100.0
ЭБЦд-2022-11,ЭБЦд-411,3,100.0
ЭБЦд-2023-11,ЭБЦд-411,17,100.0
ЭБЦд-2024-11,ЭБЦд-311,6,100.0
ЭБЦд-2025-11,ЭБЦд-211,16,100.0
ЭБЦд-2026-11,ЭБЦд-111,24,100.0
ЭВБ-2022-22,ЭВБ-521,9,100.0
ЭГП-2023-11,ЭГП-311,1,4.3
ЭГП-2023-11,ЭГП-411,22,95.7
ЭГП-2024-11,ЭГП-311,16,100.0
ЭГП-2025-11,ЭГП-111,1,4.8
ЭГП-2025-11,ЭГП-211,20,95.2
ЭГП-2026-11,ЭГП-111,30,100.0
ЭГС-2022-11,ЭГС-411,1,100.0
ЭГС-2022-12,ЭГС-412,1,100.0
ЭГС-2023-11,ЭГС-211,1,3.0
ЭГС-2023-11,ЭГС-411,32,97.0
ЭГС-2024-11,ЭГС-211,1,3.6
ЭГС-2024-11,ЭГС-311,27,96.4
ЭГС-2025-11,ЭГС-211,26,100.0
ЭГС-2026-11,ЭГС-111,30,100.0
ЭГУ-2023-11,ЭГУ-411,23,100.0
ЭГУ-2024-11,ЭГУ-211,1,6.7
ЭГУ-2024-11,ЭГУ-311,14,93.3
ЭГУ-2025-11,ЭГУ-211,14,100.0
ЭГФ-2023-11,ЭГФ-411,24,100.0
ЭГФ-2024-11,ЭГФ-311,12,100.0
ЭЛМ-2023-11,ЭЛМ-411,20,100.0
ЭЛМ-2024-11,ЭЛМ-111,1,4.5
ЭЛМ-2024-11,ЭЛМ-311,21,95.5
ЭЛМ-2025-11,ЭЛМ-111,1,5.6
ЭЛМ-2025-11,ЭЛМ-211,17,94.4
ЭЛМ-2026-11,ЭЛМ-111,25,100.0
ЭПИ-2022-11,ЭПИ-411,1,100.0
ЭПИ-2023-11,ЭПИ-411,32,100.0
ЭПИ-2023-12,ЭПИ-312,1,3.1
ЭПИ-2023-12,ЭПИ-412,31,96.9
ЭПИ-2024-11,ЭПИ-311,28,100.0
ЭПИ-2024-12,ЭПИ-212,2,6.9
ЭПИ-2024-12,ЭПИ-312,27,93.1
ЭПИ-2025-11,ЭПИ-111,1,3.1
ЭПИ-2025-11,ЭПИ-211,31,96.9
ЭПИ-2025-12,ЭПИ-112,2,6.7
ЭПИ-2025-12,ЭПИ-212,28,93.3
ЭПИ-2026-11,ЭПИ-111,35,100.0
ЭПИ-2026-12,ЭПИ-112,35,100.0
ЭПИ-2026-13,ЭПИ-113,35,100.0
ЭПО-2026-11,ЭПО-111,28,100.0
ЭПТ-2026-11,ЭПТ-111,30,100.0
ЭСБ-2021-41,ЭСБ-541,1,100.0
ЭСБ-2021-42,ЭСБ-542,1,100.0
ЭСБ-2022-41,ЭСБ-541,16,100.0
ЭСБ-2022-42,ЭСБ-542,17,100.0
ЭСБ-2023-41,ЭСБ-441,29,100.0
ЭСБ-2024-41,ЭСБ-341,18,100.0
ЭСБ-2025-41,ЭСБ-241,30,100.0
ЭСБ-2026-41,ЭСБ-141,27,100.0
ЭУМ-2023-11,ЭУМ-411,13,100.0
ЭУМ-2024-11,ЭУМ-311,17,100.0
ЭУМ-2025-11,ЭУМ-211,22,100.0
ЭУМ-2026-11,ЭУМ-111,31,100.0
ЭУЦ-2023-11,ЭУЦ-411,17,100.0
ЭУЦ-2024-11,ЭУЦ-211,1,3.2
ЭУЦ-2024-11,ЭУЦ-311,30,96.8
ЭУЦ-2025-11,ЭУЦ-111,1,4.5
ЭУЦ-2025-11,ЭУЦ-211,21,95.5
ЭУЦ-2026-11,ЭУЦ-111,29,100.0
ЭЭБ-2023-11,ЭЭБ-411,16,100.0
ЭЭБ-2024-11,ЭЭБ-311,22,100.0
ЭЭБ-2025-11,ЭЭБ-211,24,100.0
ЭЭБ-2026-11,ЭЭБ-111,32,100.0
ЭЭБд-2023-21,ЭЭБд-421,5,100.0
ЭЭБд-2023-22,ЭЭБд-422,6,100.0
ЭЭЛ-2023-11,ЭЭЛ-411,20,100.0
ЭЭЛ-2024-11,ЭЭЛ-211,1,5.0
ЭЭЛ-2024-11,ЭЭЛ-311,19,95.0
ЭЭЛ-2025-11,ЭЭЛ-211,32,100.0
ЭЭЛ-2026-11,ЭЭЛ-111,30,100.0
ЭЭП-2023-11,ЭЭП-411,27,100.0
ЭЭП-2024-11,ЭЭП-311,33,100.0
ЭЭП-2025-11,ЭЭП-211,35,100.0
ЭЭП-2026-11,ЭЭП-111,29,100.0
ЭЭПд-2022-11,ЭЭПд-411,1,100.0
ЭЭПд-2023-11,ЭЭПд-411,14,100.0
ЭЭПд-2024-11,ЭЭПд-311,4,100.0
ЭЭПд-2025-11,ЭЭПд-211,13,100.0
ЭЭПд-2026-11,ЭЭПд-111,27,100.0
ЭЭС-2023-11,ЭЭС-311,1,5.9
ЭЭС-2023-11,ЭЭС-411,16,94.1
ЭЭС-2024-11,ЭЭС-311,8,100.0
ЭЭС-2025-11,ЭЭС-111,4,13.8
ЭЭС-2025-11,ЭЭС-211,25,86.2
ЭЭС-2026-11,ЭЭС-111,33,100.0
ЭЭТ-2023-11,ЭЭТ-411,18,100.0
ЭЭТ-2024-11,ЭЭТ-311,13,100.0
ЭЭТ-2025-11,ЭЭТ-211,19,100.0
ЭЭТ-2026-11,ЭЭТ-111,31,100.0
ЭЭУ-2023-11,ЭЭУ-311,1,3.4
ЭЭУ-2023-11,ЭЭУ-411,28,96.6
ЭЭУ-2024-11,ЭЭУ-311,21,100.0
ЭЭУ-2025-11,ЭЭУ-111,1,3.7
ЭЭУ-2025-11,ЭЭУ-211,26,96.3
ЭЭУ-2026-11,ЭЭУ-111,29,100.0
ЭЭФ-2023-11,ЭЭФ-411,16,100.0
ЭЭФ-2024-11,ЭЭФ-311,19,100.0
ЭЭФ-2025-11,ЭЭФ-211,25,100.0
ЭЭФ-2026-11,ЭЭФ-111,32,100.0
ЮПБ-2021-51,ЮПБ-651,13,100.0
ЮПБ-2022-41,ЮПБ-541,26,100.0
ЮПБ-2022-42,ЮПБ-542,25,100.0
ЮПБ-2022-51,ЮПБ-551,7,100.0
ЮПБ-2023-41,ЮПБ-441,14,100.0
ЮПБ-2023-42,ЮПБ-442,21,100.0
ЮПБ-2023-51,ЮПБ-451,5,100.0
ЮПБ-2024-41,ЮПБ-341,21,100.0
ЮПБ-2024-42,ЮПБ-342,12,100.0
ЮПБ-2024-51,ЮПБ-351,3,100.0
ЮПБ-2025-41,ЮПБ-141,1,3.8
ЮПБ-2025-41,ЮПБ-241,25,96.2
ЮПБ-2025-42,ЮПБ-142,2,8.7
ЮПБ-2025-42,ЮПБ-242,21,91.3
ЮПБ-2025-51,ЮПБ-251,3,100.0
ЮПБ-2026-41,ЮПБ-141,29,100.0
ЮПБ-2026-42,ЮПБ-142,30,100.0
ЮПБу-2023-1,ЮПБу-441,7,100.0
ЮПБу-2024-51,ЮПБу-351,5,100.0
ЮСИ-2022-41,ЮСИ-541,24,100.0
ЮСИ-2023-41,ЮСИ-341,2,6.7
ЮСИ-2023-41,ЮСИ-441,28,93.3
ЮСИ-2024-41,ЮСИ-341,30,100.0
ЮСИ-2025-41,ЮСИ-241,20,100.0
ЮСИ-2026-41,ЮСИ-141,30,100.0
ЮТЛ-2021-51,ЮТЛ-551,1,16.7
ЮТЛ-2021-51,ЮТЛ-651,5,83.3
ЮТМ-2021-41,ЮТМ-541,1,100.0
ЮТМ-2022-41,ЮТМ-541,26,100.0
ЮТМ-2022-42,ЮТМ-542,22,100.0
ЮТМ-2022-43,ЮТМ-543,23,100.0
ЮТМ-2023-41,ЮТМ-441,23,100.0
ЮТМ-2023-42,ЮТМ-442,24,100.0
ЮТМ-2023-43,ЮТМ-443,25,100.0
ЮТМ-2024-41,ЮТМ-341,30,100.0
ЮТМ-2024-42,ЮТМ-242,1,3.8
ЮТМ-2024-42,ЮТМ-342,25,96.2
ЮТМ-2025-41,ЮТМ-241,27,100.0
ЮТМ-2025-42,ЮТМ-242,29,100.0
ЮТМ-2025-43,ЮТМ-243,30,100.0
ЮТМ-2026-41,ЮТМ-141,31,100.0
ЮТМ-2026-42,ЮТМ-142,31,100.0
ЮТМ-2026-43,ЮТМ-143,31,100.0
ЮТТ-2022-41,ЮТТ-541,28,100.0
ЮТТ-2022-51,ЮТТ-551,6,100.0
ЮТТ-2023-41,ЮТТ-441,23,100.0
ЮТТ-2024-41,ЮТТ-241,2,11.8
ЮТТ-2024-41,ЮТТ-341,15,88.2
ЮТТ-2024-51,ЮТТ-351,9,100.0
ЮТТ-2025-41,ЮТТ-241,31,100.0
ЮТТ-2025-51,ЮТТ-251,18,100.0
ЮТТ-2026-41,ЮТТ-141,29,100.0
ЮТТ-2026-51,ЮТТ-151,23,100.0
ЮЮГ-2022-11,ЮЮГ-411,2,100.0
ЮЮГ-2022-21,ЮЮГ-521,15,100.0
ЮЮГ-2023-11,ЮЮГ-411,29,100.0
ЮЮГ-2023-12,ЮЮГ-412,29,100.0
ЮЮГ-2023-13,ЮЮГ-313,1,3.8
ЮЮГ-2023-13,ЮЮГ-413,25,96.2
ЮЮГ-2023-21,ЮЮГ-421,24,100.0
ЮЮГ-2024-11,ЮЮГ-311,22,100.0
ЮЮГ-2024-12,ЮЮГ-312,27,100.0
ЮЮГ-2024-13,ЮЮГ-213,1,7.7
ЮЮГ-2024-13,ЮЮГ-313,12,92.3
ЮЮГ-2024-21,ЮЮГ-221,1,6.7
ЮЮГ-2024-21,ЮЮГ-321,14,93.3
ЮЮГ-2025-11,ЮЮГ-211,29,100.0
ЮЮГ-2025-21,ЮЮГ-121,3,15.8
ЮЮГ-2025-21,ЮЮГ-221,16,84.2
ЮЮГ-2025-42,ЮЮГ-212,25,100.0
ЮЮГ-2026-11,ЮЮГ-111,27,100.0
ЮЮГ-2026-12,ЮЮГ-112,27,100.0
ЮЮГ-2026-13,ЮЮГ-113,27,100.0
ЮЮГ-2026-21,ЮЮГ-121,30,100.0
ЮЮГу-2024-11,ЮЮГу-311,15,100.0
ЮЮГу-2024-21,ЮЮГу-221,1,11.1
ЮЮГу-2024-21,ЮЮГу-321,8,88.9
ЮЮГу-2025-11,ЮЮГу-111,2,16.7
ЮЮГу-2025-11,ЮЮГу-211,10,83.3
ЮЮМ-2023-11,ЮЮМ-411,20,100.0
ЮЮМ-2024-11,ЮЮМ-311,6,100.0
ЮЮМ-2025-11,ЮЮМ-211,26,100.0
ЮЮМ-2026-11,ЮЮМ-111,30,100.0
ЮЮУ-2023-11,ЮЮУ-411,20,100.0
ЮЮУ-2024-11,ЮЮУ-311,19,100.0
ЮЮУ-2025-11,ЮЮУ-111,1,7.7
ЮЮУ-2025-11,ЮЮУ-211,12,92.3
ЮЮУ-2026-11,ЮЮУ-111,29,100.0
ЮЮУу-2025-11,ЮЮУу-211,9,100.0
ЮЮЦ-2022-11,ЮЮЦ-411,1,100.0
ЮЮЦ-2022-21,ЮЮЦ-521,2,100.0
ЮЮЦ-2023-11,ЮЮЦ-411,21,100.0
ЮЮЦ-2023-12,ЮЮЦ-412,18,100.0
ЮЮЦ-2023-21,ЮЮЦ-421,5,100.0
ЮЮЦ-2024-11,ЮЮЦ-311,11,100.0
ЮЮЦ-2025-11,ЮЮЦ-211,20,100.0
ЮЮЦ-2025-21,ЮЮЦ-121,1,8.3
ЮЮЦ-2025-21,ЮЮЦ-221,11,91.7
